,expression,spatial,mog,weighted
expression,1.0,0.8706236828152535,0.9341749616787157,0.9341749616787157
spatial,0.8706236828152535,1.0,0.9085135090791416,0.9342064485088902
mog,0.9341749616787157,0.9085135090791416,1.0,0.9734092473626266
weighted,0.9341749616787157,0.9342064485088902,0.9734092473626266,1.0
