Cluster ID,Size (# genes),Spatial Coherence (Moran's I)
0,126,0.9234135228956967
1,174,0.6728462835849519
