,silhouette,calinski_harabasz,davies_bouldin
pearson,0.11015027016401291,17.23625201191018,2.387320975711771
spearman,-0.2523840367794037,8.352722381615736,3.2219504194043433
cosine,0.11828611046075821,17.87071743818927,2.3528605680077646
