,expression,spatial,mog,weighted
expression,1.0,0.8188041156195554,0.892091432993665,0.892091432993665
spatial,0.8188041156195554,1.0,0.8476157384058184,0.8928083634944508
mog,0.892091432993665,0.8476157384058184,1.0,0.9412581689190104
weighted,0.892091432993665,0.8928083634944508,0.9412581689190104,1.0
